Variation,age_group,completion_rate
control,Under 30,0.6764107778342654
control,30–44,0.6747176913425345
control,45–59,0.6706998487556717
control,60+,0.6037704090220501
test,Under 30,0.7441253263707572
test,30–44,0.7024572649572649
test,45–59,0.6886198547215496
test,60+,0.6519570802478465
